emp_no,last_name,first_name,dept_name
10001,Facello,Georgi,Development
10006,Preusig,Anneke,Development
10008,Kalloufi,Saniya,Development
10012,Bridgland,Patricio,Development
10014,Genin,Berni,Development
10018,Peha,Kazuhide,Development
10021,Erde,Ramzi,Development
10022,Famili,Shahaf,Development
10023,Montemayor,Bojan,Development
10025,Heyers,Prasadram,Development
10027,Reistad,Divier,Development
10028,Tempesti,Domenick,Development
10031,Joslin,Karsten,Development
10037,Makrucki,Pradeep,Development
10040,Meriste,Weiyi,Development
10043,Tzvieli,Yishay,Development
10048,Syrotiuk,Florian,Development
10056,Bernini,Brendon,Development
10057,Callaway,Ebbe,Development
10062,Peyn,Anoosh,Development
10065,Awdeh,Satosi,Development
10066,Schusler,Kwee,Development
10070,Garigliano,Reuven,Development
10072,Sidou,Hironoby,Development
10074,Bernatsky,Mokhtar,Development
10075,Dolinsky,Gao,Development
10076,Ritzmann,Erez,Development
10078,Mondadori,Danel,Development
10079,Gils,Kshitij,Development
10090,Hofting,Kendra,Development
10091,Gomatam,Amabile,Development
10092,Niizuma,Valdiodio,Development
10103,Birch,Akemi,Development
10116,Czap,Dayanand,Development
10118,Zyda,Zhonghui,Development
10121,Ramsay,Guoxiang,Development
10122,Esposito,Ohad,Development
10127,Baja,Subir,Development
10129,Peir,Armond,Development
10134,Siprelle,Diederik,Development
10139,Foong,Ewing,Development
10142,Hettesheimer,Tzvetan,Development
10143,Bakhtari,Sakthirel,Development
10145,Esposito,Akemi,Development
10150,Perng,Zhenbing,Development
10153,Majewski,Heekeun,Development
10157,Aloisi,Nigel,Development
10166,Siegrist,Samphel,Development
10169,Snedden,Sampalli,Development
10172,Matzen,Shigeu,Development
10179,Duclos,Deniz,Development
10181,Nooteboom,Sibyl,Development
10182,Merey,Moriyoshi,Development
10189,Erva,Khalid,Development
10191,Nastansky,Zdislav,Development
10193,Cheshire,Masaru,Development
10197,Krzyzanowski,Kasidit,Development
10198,Furedi,Pranav,Development
10201,Kavraki,Idoia,Development
10202,Lichtner,Greger,Development
10204,Ritcey,Nevio,Development
10206,Iwayama,Alassane,Development
10207,Anandan,Girolamo,Development
10211,Strehl,Vishu,Development
10212,Esteva,Divier,Development
10219,Kolvik,Genta,Development
10223,Schmiedel,Carrsten,Development
10227,Kaiser,Anneli,Development
10238,Gire,Mototsugu,Development
10244,Flasterstein,Foong,Development
10249,Boreale,Marie,Development
10258,Ishibashi,Basil,Development
10261,Erie,Mang,Development
10264,Kawashimo,Nalini,Development
10268,Siochi,Nishit,Development
10271,Eastman,Sham,Development
10274,Pearson,Dmitri,Development
10275,Luck,Marek,Development
10276,Hempstead,Xuejun,Development
10278,Nitsch,Lubomir,Development
10283,Birjandi,Kauko,Development
10287,Pietracaprina,Marie,Development
10289,Poulakidas,Shay,Development
10290,Pleszkun,Yongmao,Development
10294,Miara,Rutger,Development
10305,Piancastelli,Hirochika,Development
10309,Schusler,Prodip,Development
10311,Molenkamp,Hsiangchu,Development
10315,Angelopoulos,Maris,Development
10318,Beilner,Mototsugu,Development
10322,Dahlbom,Isamu,Development
10324,Rouquie,Bernardo,Development
10327,Facello,Roded,Development
10328,Kawashima,Serenella,Development
10333,Dymetman,Snehasis,Development
10342,Hiroyama,Stella,Development
10345,Ratnakar,Arra,Development
10352,Ohori,Erzsebet,Development
10358,Tagansky,Qunsheng,Development
10359,Sambasivam,Heekeun,Development
10366,Piazza,Morrie,Development
10373,Heijenga,Hongzue,Development
10379,Rosis,Mikhail,Development
10386,Miyakawa,Eishiro,Development
10389,Peir,Make,Development
10391,Akaboshi,Hongzue,Development
10394,Meriste,Shawna,Development
10395,Deverell,Takahiro,Development
10396,Rahier,Sibyl,Development
10404,Rosti,Prodip,Development
10409,Straney,Mario,Development
10414,Alpin,Yinlin,Development
10415,Coorg,Mark,Development
10424,Straney,Babette,Development
10426,Luce,Arunas,Development
10429,Improta,Martien,Development
10435,Tagansky,Marsha,Development
10439,Jarecki,Jolita,Development
10440,Narahara,Akeel,Development
10443,Litvinov,Shichao,Development
10445,Kavanagh,Junichi,Development
10446,Chepyzhov,Ebru,Development
10450,Harbusch,Khun,Development
10452,Hasham,Werner,Development
10460,VanScheik,Shushma,Development
10469,Ananiadou,Munehiko,Development
10477,Trogemann,Guoxiang,Development
10478,Ushiama,Maik,Development
10482,Pleszkun,Goa,Development
10485,Sundgren,Teruyuki,Development
10488,Heering,Mihalis,Development
10489,Homond,Elvia,Development
10492,Kumaresan,Lobel,Development
10500,Narwekar,Vojin,Development
10501,Larfeldt,Susuma,Development
10506,Kroll,Kazuhisa,Development
10516,Luga,Xiadong,Development
10518,Lanphier,Marin,Development
10519,Alencar,Yonghoan,Development
10527,Barvinok,Tetsushi,Development
10528,Lakshmanan,Koichi,Development
10529,Yetto,Ymte,Development
10530,Coors,Boriana,Development
10538,Falby,Przemyslawa,Development
10542,Couchot,Yannis,Development
10547,Brobst,Snehasis,Development
10549,Kisuki,Beshir,Development
10553,Wallrath,Rajmohan,Development
10554,Gerlach,Dines,Development
10557,Karlin,Sashi,Development
10560,Esteva,Yinlin,Development
10562,Pearson,Shuky,Development
10563,Spelt,Mohit,Development
10566,Zuberek,Jianhui,Development
10571,Varman,Fun,Development
10578,Shanbhogue,Shigeaki,Development
10579,Stentiford,Aiman,Development
10582,Juneja,Shmuel,Development
10584,Papastamatiou,Mana,Development
10585,Willoner,Sajjad,Development
10587,Srimani,Behnaam,Development
10593,Kenevan,Falguni,Development
10594,Whitcomb,Kiyokazu,Development
10599,Crelier,Seshu,Development
10604,Brizzi,Susanna,Development
10606,Marakhovsky,Toshiki,Development
10607,Hambrick,Rosalyn,Development
10609,Zhang,Janche,Development
10610,Roccetti,Irena,Development
10611,Blokdijk,Karsten,Development
10620,Veeraraghavan,Marit,Development
10621,Siepmann,Hinrich,Development
10623,Danlos,Aleksander,Development
10625,Petereit,Leszek,Development
10628,Krogh,Krisda,Development
10631,Chaudhuri,Inderjeet,Development
10632,Velardi,Yoshimitsu,Development
10634,Chepyzhov,Nahid,Development
10639,Erol,Pramod,Development
10641,Zucker,Guozhong,Development
10642,Narlikar,Hirochika,Development
10643,Keirsey,Slavian,Development
10648,Ratnaker,Marlo,Development
10650,Chepyzhov,Hongzhu,Development
10653,Feinberg,Otmar,Development
10659,Shackel,Dinah,Development
10660,Kolinko,Jouko,Development
10663,Noriega,Teunis,Development
10665,Snyers,Qingxiang,Development
10673,Casperson,Hyuckchul,Development
10674,Bisiani,Abdelaziz,Development
10676,Danley,Valeri,Development
10677,Perng,Alejandra,Development
10678,Gide,Chriss,Development
10680,Honglei,Kish,Development
10686,Azadmanesh,Avishai,Development
10690,Jumpertz,Matt,Development
10691,Setia,Denny,Development
10696,Fendler,Unal,Development
10698,Engberts,Barton,Development
10700,Mondadori,Angel,Development
10702,Szemeredi,Bader,Development
10707,Trystram,Moty,Development
10709,Mateescu,Jiafu,Development
10711,DuBourdieux,Arvind,Development
10712,Koprowski,Uma,Development
10714,Sadowsky,Aran,Development
10716,Constantine,Aiman,Development
10718,Rullman,Adib,Development
10719,Karunanithi,Guenter,Development
10726,Minakawa,Zita,Development
10730,Janetzko,Mohit,Development
10738,Oppitz,Rosita,Development
10739,Iacovou,Gor,Development
10740,Sadowski,Suzette,Development
10742,Wiegley,Shim,Development
10746,Usery,Kolar,Development
10750,Demeyer,Roddy,Development
10751,Ushiama,Jordanka,Development
10755,Ressouche,Odysseas,Development
10756,Brizzi,Paddy,Development
10757,Simkin,Florina,Development
10764,Beetstra,Yunming,Development
10769,Bouloucos,Vishv,Development
10772,Dayana,Munehiro,Development
10776,Skafidas,Mahmut,Development
10784,Bottner,Weijing,Development
10791,Sgarro,Tadahiko,Development
10792,Birdsall,Chinya,Development
10793,Roisin,Oksana,Development
10797,Hiyoshi,Goetz,Development
10799,Griswold,Gad,Development
10808,Leijenhorst,Chenxi,Development
10809,Feldhoffer,Shim,Development
10821,Schurmann,Irena,Development
10822,Passino,Masaru,Development
10825,Fairtlough,Fan,Development
10826,Anandan,Arnd,Development
10831,Driscoll,Toong,Development
10842,Sanella,Berni,Development
10843,Smeets,Honesty,Development
10844,Koprowski,Dipayan,Development
10845,Tasistro,Hidde,Development
10846,Serre,Tokuyasu,Development
10849,Mayerwieser,Makato,Development
10854,Nannarelli,Jagoda,Development
10858,Gonthier,Kenroku,Development
10861,Baek,Howell,Development
10879,Chleq,Muzhong,Development
10882,Heuser,Fun,Development
10884,Kleiser,Teunis,Development
10886,Begiun,Sushant,Development
10887,DeMori,Lunjin,Development
10888,Dredge,Kwangho,Development
10891,Jiang,Susanne,Development
10900,Prenel,Ferdinand,Development
10902,Perly,Inderjeet,Development
10904,Colorni,Debatosh,Development
10909,Atchley,Georgi,Development
10916,Spataro,Make,Development
10917,Slaats,Tesuya,Development
10932,Picci,Avishai,Development
10937,Nanard,Anyuan,Development
10940,Fioravanti,Aleksander,Development
10942,Larfeldt,Toshimitsu,Development
10943,Skafidas,Berna,Development
10948,Brodie,Shigehito,Development
10952,Bharadwaj,Inderjeet,Development
10956,Picel,Arno,Development
10958,Katalagarianos,Huican,Development
10961,Choobineh,Weiwu,Development
10963,Swist,Hatsukazu,Development
10967,Adachi,Eran,Development
10969,Noriega,Premal,Development
10971,Vadhan,Isamu,Development
10972,Asser,Fumiko,Development
10973,Raczkowsky,Valdiodio,Development
10974,Papsdorf,Muneo,Development
10980,Munawer,Filipp,Development
10985,Furedi,Chiradeep,Development
10986,Schiper,Masako,Development
10987,Baezner,Flemming,Development
10988,Deyuan,Chinya,Development
10990,Foote,Shin,Development
10991,Aingworth,Munehiro,Development
10992,Juneja,Zhensheng,Development
10994,Aingworth,Divine,Development
10999,Benveniste,Insup,Development
11000,Bonifati,Alain,Development
11001,Buchter,Baziley,Development
11003,Gulla,Mariangiola,Development
11005,Douceur,Byong,Development
11007,Maccarone,Olivera,Development
11011,Hofstetter,Moti,Development
11013,Vesel,Breannda,Development
11016,Rajaraman,Sibyl,Development
11017,Sanella,Jovan,Development
11018,Luby,Berthier,Development
11019,Huttel,Leon,Development
11020,Encarnacion,Weiwu,Development
11032,Schaaf,Erez,Development
11033,Bahk,Shushma,Development
11042,Breugel,Gou,Development
11043,Range,Iara,Development
11059,Jarecki,Shawna,Development
11071,Sigstam,Kwan,Development
11073,Clemencon,Yuriy,Development
11076,Schaad,Youssef,Development
11078,Chenoweth,Beshir,Development
11079,Garigliano,Piyush,Development
11082,Fontan,Deniz,Development
11088,Hennings,Sadun,Development
11093,Kitai,Licheng,Development
11098,Covnot,Arnd,Development
11101,Horswill,Manibrata,Development
11103,Penttonen,Sanjai,Development
11104,Swan,Hein,Development
11106,Iwayama,Aris,Development
11121,Kakkad,Vugranam,Development
11125,Spieker,Munir,Development
11129,Pulkowski,Goncalo,Development
11136,Luiz,Gladys,Development
11137,Luca,Hugh,Development
11138,Matteis,Adel,Development
11140,Gihr,Elgin,Development
11141,Kermarrec,Vasiliy,Development
11142,Raney,Moheb,Development
11143,Rosen,Yongdong,Development
11147,Nitsch,Ayonca,Development
11151,Reinhard,Gor,Development
11156,Armand,Tomoyuki,Development
11157,Cochrane,Mario,Development
11160,Nivat,Anwar,Development
11162,Narlikar,Kauko,Development
11169,Serra,Moss,Development
11170,Cannard,Minghong,Development
11175,Rajaraman,Aksel,Development
11177,dAstous,Chrisa,Development
11180,Bojadziev,Mitsuyuki,Development
11181,Cullers,Hausi,Development
11182,Steinauer,Tze,Development
11183,Serdy,Herbert,Development
11187,Makinen,Koldo,Development
11194,Tempesti,Giap,Development
11196,Breugel,Gennadi,Development
11199,Srimani,Ortrud,Development
11200,Junet,Renny,Development
11207,Gips,Saeed,Development
11219,Heuter,Youpyo,Development
11221,Hammerschmidt,Alselm,Development
11223,Crelier,Weicheng,Development
11230,Tzvieli,Yakichi,Development
11233,Waschkowski,Sanjit,Development
11238,Chenoweth,Kwan,Development
11240,Condotta,Kiam,Development
11246,Reinhart,Maik,Development
11249,Cyre,Randi,Development
11252,Dulin,Rutger,Development
11253,Pokrovskii,Koldo,Development
11255,Karunanithi,Ortrud,Development
11257,Pews,Weidon,Development
11264,Oehlmann,Uma,Development
11267,Zaumen,Shaunak,Development
11275,Eppinger,Hitomi,Development
11277,Ritcey,Munehiro,Development
11289,Cherinka,Chuanti,Development
11290,Dredge,Visit,Development
11291,Glowinski,Gino,Development
11292,Sichman,Souichi,Development
11293,Birge,Naftali,Development
11294,Segond,Tru,Development
11298,Alvarado,Jiong,Development
11300,Fontet,Lillian,Development
11303,Usery,Jaewoo,Development
11304,Azadmanesh,Rajmohan,Development
11308,Tibblin,Tadahiro,Development
11316,Farrar,Ult,Development
11317,Hagimont,Shigeaki,Development
11319,Marrakchi,Pranas,Development
11323,Pfau,Hyuckchul,Development
11325,Rossi,Samphel,Development
11326,Plesums,Munenori,Development
11332,Coney,Gunilla,Development
11333,Slobodova,Heon,Development
11335,Plump,Bernd,Development
11341,Ranka,Heng,Development
11343,Erez,Susanne,Development
11345,Maierhofer,Youngkon,Development
11347,Jonsson,Anneli,Development
11350,Moehrke,Zito,Development
11364,Oppitz,Yucai,Development
11366,Rajaraman,Yinlin,Development
11368,Bail,Gino,Development
11370,Erie,Marek,Development
11371,Masamoto,Tadahiko,Development
11378,Katiyar,Masamitsu,Development
11379,Chenoweth,Guiseppe,Development
11380,Pelc,Kenroku,Development
11382,Otillio,Akemi,Development
11396,Servieres,Anneke,Development
11397,Kisuki,Fumiya,Development
11404,Borovoy,Bedrich,Development
11405,Kobuchi,Clyde,Development
11410,Vendrig,Gro,Development
11419,Terkki,Leaf,Development
11425,Crelier,Renee,Development
11433,Cairo,Chiranjit,Development
11438,Heping,Morris,Development
11440,Jahnichen,Lubomir,Development
11445,Denny,Lijie,Development
11446,Narahara,Naftali,Development
11448,Biron,Yolla,Development
11455,Wolniewicz,Jianhui,Development
11456,Seuren,Anyuan,Development
11465,Porenta,Tomoyuki,Development
11470,Michaels,Khalid,Development
11473,Eugenio,Jiakeng,Development
11491,Matteis,Maha,Development
11500,Weedon,Ranan,Development
11502,Cochrane,Zhaofang,Development
11503,Picht,Nathan,Development
11509,Feldhoffer,Aleksander,Development
11512,Hagimont,Nidapan,Development
11516,Sethi,Hironoby,Development
11523,Pezzoli,Yuguang,Development
11524,Standera,Xiadong,Development
11533,Lorch,Vitaly,Development
11534,Besancenot,Surveyors,Development
11548,Leuchs,Nahid,Development
11551,Gonthier,Subhrajyoti,Development
11565,Sankaranarayanan,Yoshinari,Development
11568,Fujisaki,Martins,Development
11569,Geffroy,Kasidit,Development
11573,Hutton,Pranas,Development
11575,Plotkin,Godehard,Development
11581,Rosenbaum,Patricio,Development
11584,Waymire,Pradeep,Development
11585,Vandervoorde,Chaitali,Development
11587,Zambonelli,Shem,Development
11589,Plessier,Gina,Development
11590,Eppinger,Adel,Development
11592,Nishimukai,Hilary,Development
11597,Talmon,Yongdong,Development
11598,Ertl,Sariel,Development
11604,Baar,Deborah,Development
11612,Baar,Siamak,Development
11613,Marchesini,Lijia,Development
11620,Gadepally,Kwangho,Development
11625,Hemaspaandra,Kokou,Development
11628,Malinowski,Fan,Development
11633,Teitelbaum,Kazuyasu,Development
11634,Fraisse,Turgut,Development
11635,Mahnke,Nalini,Development
11636,Shiratori,Fumitaka,Development
11637,Melton,Sangeeta,Development
11639,Herath,Khatoun,Development
11640,Coorg,Valeri,Development
11641,Rothenberg,Chikako,Development
11642,Verhoeff,Dmitri,Development
11646,Rubsam,Lobel,Development
11647,Nitsche,Magy,Development
11649,Bernardinello,Shen,Development
11653,Ananiadou,Mohammed,Development
11655,Broomell,Gift,Development
11658,Streng,Hongzue,Development
11679,Denna,Bedrich,Development
11693,Coorg,Hideo,Development
11697,Merey,JoAnne,Development
11702,Kriebel,Radhia,Development
11707,Hettesheimer,Tooru,Development
11711,Kuzuoka,Xianlong,Development
11716,Leijenhorst,Anneli,Development
11719,Baez,Claudi,Development
11721,Heydon,Xuejun,Development
11733,Sudbeck,Leszek,Development
11743,Huttel,Clyde,Development
11748,Massonet,Lihong,Development
11749,Penttonen,Masamitsu,Development
11756,Vakili,Abdelwaheb,Development
11757,Meriste,Jackson,Development
11758,Gerlach,Jinpo,Development
11763,Liesche,Yuriy,Development
11766,Berztiss,Nimmagadda,Development
11767,Kusakabe,Ortrud,Development
11769,Lampe,Chandrasekaran,Development
11770,Jakobus,Arumugam,Development
11772,Penz,Gaurav,Development
11775,Xiaoshan,Sajjad,Development
11780,Sewelson,Sugwoo,Development
11790,Henseler,Huai,Development
11791,Mamelak,Gal,Development
11792,Aumann,Gina,Development
11794,Ghandeharizadeh,Atreye,Development
11795,Erman,Herbert,Development
11799,Silva,Duro,Development
11800,Fraisse,Aamer,Development
11802,Benzmuller,Katsuo,Development
11804,Rusterholz,Bikash,Development
11805,Grandbois,Rosine,Development
11806,Leivant,Shan,Development
11808,Rosiles,Morrie,Development
11809,Bennis,Anneli,Development
11810,Bhattacharjee,Amabile,Development
11818,Matteis,Dmitry,Development
11820,Badache,Danil,Development
11823,Iacovou,Weiyi,Development
11824,Karcich,Zhensheng,Development
11832,Zlotek,Arto,Development
11834,Wegerle,Mana,Development
11837,Sury,Shigeaki,Development
11844,Demeyer,Shawna,Development
11861,Claffy,Vincent,Development
11863,Peng,Stella,Development
11871,Sommen,Nalini,Development
11876,Kobuchi,Leszek,Development
11885,Velasco,Sandeepan,Development
11887,Kragelund,Marke,Development
11889,Baez,Guiseppe,Development
11891,Bail,Hyuncheol,Development
11893,Zobel,Vitali,Development
11894,Validov,Mitchel,Development
11895,Schreiter,Flemming,Development
11906,Boguraev,Hideo,Development
11910,Luders,Tamiya,Development
11911,Mondadori,Ashish,Development
11912,Giaccio,Kristian,Development
11913,Pokrovskii,Gil,Development
11920,Chinal,Kasturi,Development
11928,Wroclawski,Mang,Development
11929,Beeson,Kendra,Development
11933,Erman,Basil,Development
11934,Deville,Diederik,Development
11940,Anido,Ult,Development
11943,Chachaty,Ramalingam,Development
11950,Cichocki,Horward,Development
11951,Haumacher,Bernt,Development
11954,Krupka,Hidde,Development
11955,Eastman,Domenico,Development
11957,Radivojevic,Frederique,Development
11959,Pettis,Duro,Development
11968,Dayang,Mitchel,Development
11970,Marrakchi,Toong,Development
11975,Moehrke,Ger,Development
11978,Khalid,Aran,Development
11981,Horswill,LiMin,Development
11983,Hedayat,Jaana,Development
11984,Luit,Vasilii,Development
11988,Chinin,Chinya,Development
11990,Matheson,Chanjung,Development
11996,Junot,Ayakannu,Development
11998,Juneja,Conal,Development
12004,Schlenzig,Lucien,Development
12006,Erol,Remco,Development
12007,Dehkordi,Marko,Development
12009,Stifter,Sariel,Development
12016,Schaaf,Charlene,Development
12018,Morton,Fai,Development
12027,Vuskovic,Zhanqiu,Development
12028,Walstra,Ingemar,Development
12032,Etalle,Oguz,Development
12033,Serot,Visit,Development
12038,Businaro,Aruna,Development
12042,Swan,Torsten,Development
12045,Boguraev,Mototsugu,Development
12052,Khasidashvili,Masako,Development
12056,Genther,Nirmal,Development
12058,Khamsi,Qunsheng,Development
12069,Burnard,Ayonca,Development
12070,Shokrollahi,Ger,Development
12071,Barinka,Udi,Development
12074,Bugaenko,Mahmut,Development
12075,Felcyn,JiYoung,Development
12077,Hutton,Steve,Development
12084,Krohm,Morris,Development
12086,Ariola,Kensyu,Development
12087,Jumpertz,Weijing,Development
12093,Oxenboll,Evgueni,Development
12101,Karcich,Unal,Development
12107,Antonisse,Manibrata,Development
12108,Frezza,Akeel,Development
12109,Junet,Tomokazu,Development
12115,Candan,Moni,Development
12116,Levergood,Atreye,Development
12117,Rosaz,Zvonko,Development
12125,Erman,Shounak,Development
12159,Perly,Shem,Development
12163,Sewelson,Khun,Development
12164,Chachaty,Muneo,Development
12165,Maquelin,Xiaobin,Development
12174,Plavsic,Slavian,Development
12176,Holburn,Christoper,Development
12177,Pardalos,Shahar,Development
12179,Koshino,Arto,Development
12180,Ruemmler,Heejo,Development
12190,Engberts,Abdulah,Development
12194,Braunschweig,Florian,Development
12195,Taneja,Gay,Development
12198,Huxford,Shai,Development
12205,Rossi,Sushant,Development
12206,Janetzko,Barton,Development
12208,Passino,Bartek,Development
12215,Ecklund,Billie,Development
12221,Melter,Vincent,Development
12226,Joslin,Kankanahalli,Development
12228,Melter,Sreenivas,Development
12230,Bellone,Yuriy,Development
12233,Gruenwald,Constantijn,Development
12236,Thambidurai,Ebbe,Development
12238,Back,Gianluca,Development
12242,Wolniewicz,Satoru,Development
12243,Leivant,Lihong,Development
12244,Harllee,Annemarie,Development
12247,Penttonen,Subbu,Development
12249,Sadowski,Eldridge,Development
12250,Aloia,Kerhong,Development
12258,Eiter,Kankanahalli,Development
12260,Huttel,Mokhtar,Development
12264,Pagter,Mart,Development
12265,Noriega,Geoffry,Development
12266,Azuma,Kirk,Development
12274,Papadias,Garnik,Development
12276,Lenart,Yongmin,Development
12279,Brookman,Renee,Development
12280,Eiter,Lidong,Development
12281,Langford,Hisao,Development
12282,Delgrange,Tadahiro,Development
12287,Hagimont,Kerhong,Development
12298,Rodham,Tetsurou,Development
12299,Kushner,Billie,Development
12307,Schlumberger,Sarita,Development
12310,Pettit,Chandrasekaran,Development
12311,Lubachevsky,Susanne,Development
12320,Swick,Nobuyoshi,Development
12322,Kambil,Mohammed,Development
12324,Delgrange,Fun,Development
12327,Bruckman,DAIDA,Development
12333,Peck,Gino,Development
12334,Ertl,Mary,Development
12337,Murtha,Leaf,Development
12340,Vigier,Xinglin,Development
12341,Luga,Rasiah,Development
12344,Hennings,Hauke,Development
12351,Zizka,Gennady,Development
12352,Stavenow,Mizuhito,Development
12353,Gini,Isaac,Development
12357,Spinelli,Gennady,Development
12361,Strandh,Elliott,Development
12362,Ressouche,Valeri,Development
12369,Giaccio,Sanjoy,Development
12379,Serna,Kazuhisa,Development
12384,Oppitz,Alagu,Development
12386,Litecky,Godehard,Development
12388,Hebert,Arumugam,Development
12401,Glinert,Yolla,Development
12405,Kambil,Zhanqiu,Development
12406,Marchesini,Mack,Development
12408,Sudkamp,Rasiah,Development
12409,Petereit,Ebru,Development
12410,Besselaar,Masanao,Development
12421,Gulik,Toshimi,Development
12424,Bazelow,Bernt,Development
12429,Varman,Patricio,Development
12436,Usdin,Dines,Development
12437,Cronan,Mohammed,Development
12440,Engberts,Tesuro,Development
12441,Pews,Nevin,Development
12442,Lanteri,Iara,Development
12447,Huxford,Bernice,Development
12450,Perng,Sanjeeva,Development
12451,Marzano,Pramod,Development
12455,Waeselynck,Goncalo,Development
12456,Speel,Bodh,Development
12461,Silva,Tesuro,Development
12463,Lovengreen,Magdalena,Development
12467,Bennis,Zhiwei,Development
12469,Khalil,Basant,Development
12472,Madeira,Leah,Development
12475,Roison,Filipe,Development
12476,Debuse,Eckart,Development
12479,Chachaty,Salvador,Development
12481,Uludag,Ipke,Development
12484,Barriga,Armond,Development
12488,Gerteisen,Etsuo,Development
12489,Munck,Arnould,Development
12490,Muchinsky,Jackson,Development
12493,Menhardt,Filipp,Development
12498,Socorro,Radhakrishnan,Development
12503,Matzen,Boguslaw,Development
12507,Plump,Manton,Development
12512,Remmele,Zissis,Development
12514,Melter,Tomofumi,Development
12517,Bisiani,Chikako,Development
12518,Sanella,Claude,Development
12524,Demeyer,Tetsushi,Development
12530,Strandh,Turgut,Development
12535,Bergere,Kazuhiko,Development
12538,Parascandalo,Haldon,Development
12548,Baak,Chenxi,Development
12555,DuCasse,Spyrose,Development
12556,Delgrande,Akemi,Development
12563,Ducloy,Honesty,Development
12568,Boyle,Marlo,Development
12569,Lundstrom,Thodoros,Development
12572,McConalogue,Sungwon,Development
12574,Gelosh,Mong,Development
12576,Milicia,Fusako,Development
12581,Kilgour,Jaihie,Development
12588,Kenevan,Yagil,Development
12589,Chleq,Anoosh,Development
12599,Lenart,Jouni,Development
12600,Garrabrants,Lucian,Development
12601,Simkin,Ghassan,Development
12607,Anguita,Gil,Development
12609,Sinitsyn,Zsolt,Development
12613,Reeker,Niteen,Development
12615,Oppitz,Fumino,Development
12616,Cappelli,Adam,Development
12632,Manderick,Shaleah,Development
12638,Seiwald,Yuqun,Development
12646,Valtorta,Shir,Development
12648,Speckmann,Sanjeeva,Development
12650,Demke,Odoardo,Development
12652,Hebden,Michaela,Development
12654,Tagansky,Zhaofang,Development
12661,Lung,Berry,Development
12662,Alvarado,Leucio,Development
12663,Stellhorn,Nobuyoshi,Development
12678,Borovoy,Carrsten,Development
12679,Sommen,Kolar,Development
12682,Honiden,Isamu,Development
12689,Boudaillier,Luerbio,Development
12692,Openshaw,Sastry,Development
12693,Demke,Patricia,Development
12701,Hennebert,Stafford,Development
12709,Botman,Ronghao,Development
12710,Breugel,Nevin,Development
12713,Demir,Byong,Development
12719,Riexinger,Tomokazu,Development
12726,Panwar,Fumitake,Development
12727,Ranai,Uwe,Development
12728,Stiles,Horward,Development
12730,Perl,Barry,Development
12733,Lyonns,George,Development
12734,Frijda,Gil,Development
12736,Tempesti,Prasadram,Development
12743,Sudbeck,Sachem,Development
12744,Escriba,Woody,Development
12750,Borstler,Yifei,Development
12752,Hitomi,Peer,Development
12762,Koblitz,Jaroslava,Development
12764,Menhoudj,Valeri,Development
12765,Esteva,Yishay,Development
12768,Stiles,Mingdong,Development
12773,Lovengreen,Jenwei,Development
12774,Asrin,Moon,Development
12783,Ginneken,Mahendra,Development
12784,Murrill,Subhada,Development
12788,Olano,Kristina,Development
12789,Felcyn,Sanjai,Development
12794,Thimonier,Kristina,Development
12797,Turnbull,Takushi,Development
12801,Birke,Achilleas,Development
12808,Rebaine,Genta,Development
12810,Staelin,Kristof,Development
12811,Eppinger,Genevieve,Development
12812,Alameldin,Waiman,Development
12813,Schmittgen,Mack,Development
12817,Rosti,Bokyung,Development
12821,Gihr,Arco,Development
12823,Lanteri,Pranav,Development
12830,Oxenboll,Hsiangchu,Development
12833,Tibblin,Jaideep,Development
12839,Koshino,Zeydy,Development
12840,Ferretti,Zhensheng,Development
12842,Stellhorn,Steen,Development
12843,Heijenga,Yinlin,Development
12848,Smeets,Kazuhide,Development
12849,Suessmith,Yongdong,Development
12856,Syang,Shridhar,Development
12857,Gils,Alagu,Development
12867,Lorys,Chiranjit,Development
12876,Goodrum,Apostol,Development
12877,Aseltine,Fay,Development
12879,Eugenio,Baruch,Development
12884,Zyda,Paddy,Development
12885,Collavizza,Anwar,Development
12887,DuBourdieux,Hilari,Development
12889,Mukaidono,Mayumi,Development
12905,Gecsei,Munehiro,Development
12907,Cmelik,Menkae,Development
12911,Pluym,Jordanka,Development
12913,Suermann,Navin,Development
12918,Dulin,Changho,Development
12920,Legleitner,Tetsushi,Development
12921,Gunderson,Guther,Development
12923,Journel,Chaosheng,Development
12924,McDermid,Gritta,Development
12928,Ozeri,Howell,Development
12929,Hiraishi,Odysseas,Development
12934,Solares,Adil,Development
12936,Farrow,Reinhold,Development
12940,Farrar,Odinaldo,Development
12941,Perelgut,Tommaso,Development
12948,Bultermann,Djelloul,Development
12949,Asrin,Geoff,Development
12952,Rosay,Goa,Development
12957,Worfolk,Michaela,Development
12960,Navazio,Tayeb,Development
12965,Shanbhogue,Mitsuyuki,Development
12966,Manders,Willard,Development
12970,Bellmore,Sadun,Development
12971,Gladwell,Tetsurou,Development
12977,Markovitch,Byong,Development
12978,Kobuchi,Kwun,Development
12980,Delgrange,Jayson,Development
12982,Aamodt,Sachem,Development
12992,Danner,Evgueni,Development
12997,Swist,Zine,Development
12998,Rindone,Nadjib,Development
13000,Chiodo,Adhemar,Development
13001,Wiegley,Rosita,Development
13002,Muhlberg,Henk,Development
13003,Luft,Jinxi,Development
13006,Spelt,Jolita,Development
13009,Denis,Marc,Development
13010,Bach,Sachin,Development
13011,Glowinski,Aamer,Development
13012,Harbusch,Florina,Development
13016,Figueira,Fuqing,Development
13017,Ratnaker,Jouko,Development
13019,Mersereau,Radhia,Development
13021,Schaap,Yurii,Development
13022,Juneja,Georg,Development
13023,Vendrig,Shugo,Development
13024,Zschoche,Jaques,Development
13025,Dahlbom,Tuval,Development
13029,Demke,Selwyn,Development
13031,Kohling,Sasan,Development
13039,Akazan,Alain,Development
13040,Berendt,Danny,Development
13044,Veevers,Shigeu,Development
13045,Manderick,Dinah,Development
13047,Chelton,Atilio,Development
13048,Massonet,Kerhong,Development
13051,Feinberg,Gad,Development
13052,Schlenzig,Aleksandar,Development
13059,Auria,Yakichi,Development
13060,Lodder,Khalil,Development
13062,Baak,Xinglin,Development
13067,Kornyak,Wayne,Development
13068,Magalhaes,Aksel,Development
13069,Baer,Sanjai,Development
13070,Sridhar,Mohammad,Development
13076,Skafidas,Deniz,Development
13085,Jiafu,Hideo,Development
13089,Viele,Fumiko,Development
13090,Poulakidas,Kwee,Development
13094,Servieres,Sanjay,Development
13097,Munke,Xuedong,Development
13098,Fiutem,Lijie,Development
13102,Kavanagh,Bogdan,Development
13103,Ellozy,Srinidhi,Development
13104,Conta,Ung,Development
13105,Carrere,Zito,Development
13110,Kamble,Maria,Development
13111,Krybus,Anwar,Development
13119,Anido,Pranav,Development
13122,Murtafg,Barry,Development
13123,Miake,Hatem,Development
13125,Krohn,Snehasis,Development
13132,Delgrande,Jianhua,Development
13135,Peternell,Ramya,Development
13136,Avouris,Gao,Development
13141,Holburn,Guther,Development
13145,Baer,Mayumi,Development
13149,Gill,Alejandro,Development
13156,Millington,Akeel,Development
13160,Gomatam,Shigeo,Development
13161,Picci,Manu,Development
13166,Kushnir,Billie,Development
13167,Harnett,Masaki,Development
13177,Chandrasekhar,Mack,Development
13184,Heering,Arie,Development
13192,Flowers,Rosita,Development
13194,Oberman,Aleksandar,Development
13209,Setia,Geoff,Development
13215,Pagter,Nadjib,Development
13218,Attimonelli,Junichi,Development
13220,Thimonier,Martien,Development
13224,Dichev,Gladys,Development
13229,Kawashima,Leszek,Development
13230,Zizka,Stein,Development
13231,Sessa,Pohua,Development
13232,Fujisaki,Mitchel,Development
13233,Chvatal,Alselm,Development
13239,Gils,Weiye,Development
13240,Pileggi,King,Development
13245,Pelz,Jaewon,Development
13254,Thibadeau,Chuanti,Development
13255,Weisert,Eldridge,Development
13260,McDermid,JoAnna,Development
13262,Halevi,Arch,Development
13266,Fraisse,Zorica,Development
13267,Ranka,Gou,Development
13270,Kabayashi,Anwar,Development
13278,Denos,Chenxi,Development
13281,Wursthorn,Luerbio,Development
13283,Liedekerke,Unal,Development
13284,Pews,Cathie,Development
13285,Lienhardt,Uinam,Development
13291,Stamatiou,Georg,Development
13301,Krybus,Masaki,Development
13302,Alencar,Mack,Development
13306,Granlund,Wanqing,Development
13310,Lally,Moon,Development
13311,Trumbly,Remmert,Development
13312,Schurmann,Filipp,Development
13315,Stroustrup,Sakthirel,Development
13317,Magliocco,Iara,Development
13319,Schwaller,Manton,Development
13320,Bahr,Gino,Development
13321,Portugali,Rasikan,Development
13323,Danecki,Baruch,Development
13324,Pews,Zeljko,Development
13325,Verhaegen,Gully,Development
13331,Malinowski,Etsuo,Development
13333,Hennebert,Yoshinari,Development
13340,Highland,Jinpo,Development
13342,Doering,Georgy,Development
13344,Armand,Gor,Development
13346,Zastre,Francoise,Development
13347,Sifakis,Lein,Development
13350,Cheshire,Genta,Development
13353,Tsunoo,Moie,Development
13354,Peek,Kazunori,Development
13358,Rodite,Koldo,Development
13359,Kragelund,Pragnesh,Development
13360,Michaels,Krassimir,Development
13362,Chaudhury,Maha,Development
13374,Kalefeld,Atreye,Development
13375,Suomi,Dhritiman,Development
13377,Dulay,Nevin,Development
13378,Zhiwei,Rafols,Development
13381,Crouzet,Halsur,Development
13382,Domenig,Makato,Development
13386,Sgarro,Khosrow,Development
13395,Schapiro,Jouko,Development
13400,Frezza,Shaw,Development
13401,Pavlopoulou,Przemyslawa,Development
13402,Dulli,Augustine,Development
13406,Oberman,Muneo,Development
13421,Luca,Honglan,Development
13424,Milicia,Sadegh,Development
13425,Tramer,Shaz,Development
13444,Lienhardt,Doohun,Development
13446,Tramer,Masato,Development
13453,Lalonde,Sugwoo,Development
13456,Erol,Uzi,Development
13464,Jeansoulin,Chanjung,Development
13467,Katzenelson,Zhigen,Development
13469,Undy,Yonghoan,Development
13473,Bruckman,Mooi,Development
13474,Meriste,Szabolcs,Development
13476,Broomell,Niclas,Development
13481,Range,Marsal,Development
13485,Perly,Isamu,Development
13493,Jullig,Uinam,Development
13497,Spelt,Kazuhira,Development
13500,Erol,Irene,Development
13502,Riefers,Reinhold,Development
13504,Mandell,Parto,Development
13507,Wallrath,Matt,Development
13514,Rebaine,Teiji,Development
13517,Setlzner,Mark,Development
13530,Greibach,Irene,Development
13534,Coullard,Shushma,Development
13537,Ibel,Jacqueline,Development
13538,Picel,Mori,Development
13539,Bala,Cedric,Development
13541,Peral,Pasqua,Development
13548,Guenter,Francoise,Development
13549,Koprowski,Matk,Development
13550,Lienhardt,Alper,Development
13556,Michaeli,Volkmar,Development
13557,Eickenmeyer,Kwangsub,Development
13560,Jeong,Sibyl,Development
13565,Badache,Shuho,Development
13568,Bodoff,Muneo,Development
13573,Escriba,Petter,Development
13576,Engberts,Jungsoon,Development
13580,Irland,Haldun,Development
13581,Encarnacion,Alejandra,Development
13582,Ruemmler,Diederik,Development
13586,Klassen,Abdelwaheb,Development
13591,Poulakidas,Jinxi,Development
13592,Roccetti,Adam,Development
13603,Rissanen,Paddy,Development
13616,Lorho,Perry,Development
13621,Haddadi,Fei,Development
13627,Yoshizawa,Gennadi,Development
